Info:,,,True Turnout,,"159,544,854",Number of voters used,"160,000",,,,,,,,,,,,,,,,,,,,,,,,,,,,,,,,,,,,,,,,,,,,,,,,,,,,,,,,,,,,,,,,,,,,,,,,,,,,,,,,,,,,,,,,,,,,,,,,,,,,,,,,,,,,,,,,,,,,,,,,,,,,,,,,,,,,,,,,,,,,,,,,,,,,,,,,,,,,,,,,,,,,,,,,,,,,,,,,,,,,,,,,,,,,,,,,,,,,,,,,,,,,,,,,,,,,,,,,,,,,,,,,,,,,,,,,,,,,,,,,,,,,,,,,,,,,,,,,,,,,,,,,,,,,,,,,,,,,,,,,,,,,,,,,,,,,,,,,,,,,,,,,,,,,,,,,,,,,
State,Dem Senator,Rep Senator,Number of Voters,Electoral Votes,Number of Districts,District Number,Number of Voters,Dem Rep,Rep Rep,% DEM,% REP,District Number,Number of Voters,Dem Rep,Rep Rep,% DEM,% REP,District Number,Number of Voters,Dem Rep,Rep Rep,% DEM,% REP,District Number,Number of Voters,Dem Rep,Rep Rep,% DEM,% REP,District Number,Number of Voters,Dem Rep,Rep Rep,% DEM,% REP,District Number,Number of Voters,Dem Rep,Rep Rep,% DEM,% REP,District Number,Number of Voters,Dem Rep,Rep Rep,% DEM,% REP,District Number,Number of Voters,Dem Rep,Rep Rep,% DEM,% REP,District Number,Number of Voters,Dem Rep,Rep Rep,% DEM,% REP,District Number,Number of Voters,Dem Rep,Rep Rep,% DEM,% REP,District Number,Number of Voters,Dem Rep,Rep Rep,% DEM,% REP,District Number,Number of Voters,Dem Rep,Rep Rep,% DEM,% REP,District Number,Number of Voters,Dem Rep,Rep Rep,% DEM,% REP,District Number,Number of Voters,Dem Rep,Rep Rep,% DEM,% REP,District Number,Number of Voters,Dem Rep,Rep Rep,% DEM,% REP,District Number,Number of Voters,Dem Rep,Rep Rep,% DEM,% REP,District Number,Number of Voters,Dem Rep,Rep Rep,% DEM,% REP,District Number,Number of Voters,Dem Rep,Rep Rep,% DEM,% REP,District Number,Number of Voters,Dem Rep,Rep Rep,% DEM,% REP,District Number,Number of Voters,Dem Rep,Rep Rep,% DEM,% REP,District Number,Number of Voters,Dem Rep,Rep Rep,% DEM,% REP,District Number,Number of Voters,Dem Rep,Rep Rep,% DEM,% REP,District Number,Number of Voters,Dem Rep,Rep Rep,% DEM,% REP,District Number,Number of Voters,Dem Rep,Rep Rep,% DEM,% REP,District Number,Number of Voters,Dem Rep,Rep Rep,% DEM,% REP,District Number,Number of Voters,Dem Rep,Rep Rep,% DEM,% REP,District Number,Number of Voters,Dem Rep,Rep Rep,% DEM,% REP,District Number,Number of Voters,Dem Rep,Rep Rep,% DEM,% REP,District Number,Number of Voters,Dem Rep,Rep Rep,% DEM,% REP,District Number,Number of Voters,Dem Rep,Rep Rep,% DEM,% REP,District Number,Number of Voters,Dem Rep,Rep Rep,% DEM,% REP,District Number,Number of Voters,Dem Rep,Rep Rep,% DEM,% REP,District Number,Number of Voters,Dem Rep,Rep Rep,% DEM,% REP,District Number,Number of Voters,Dem Rep,Rep Rep,% DEM,% REP,District Number,Number of Voters,Dem Rep,Rep Rep,% DEM,% REP,District Number,Number of Voters,Dem Rep,Rep Rep,% DEM,% REP,District Number,Number of Voters,Dem Rep,Rep Rep,% DEM,% REP,District Number,Number of Voters,Dem Rep,Rep Rep,% DEM,% REP,District Number,Number of Voters,Dem Rep,Rep Rep,% DEM,% REP,District Number,Number of Voters,Dem Rep,Rep Rep,% DEM,% REP,District Number,Number of Voters,Dem Rep,Rep Rep,% DEM,% REP,District Number,Number of Voters,Dem Rep,Rep Rep,% DEM,% REP,District Number,Number of Voters,Dem Rep,Rep Rep,% DEM,% REP,District Number,Number of Voters,Dem Rep,Rep Rep,% DEM,% REP,District Number,Number of Voters,Dem Rep,Rep Rep,% DEM,% REP,District Number,Number of Voters,Dem Rep,Rep Rep,% DEM,% REP,District Number,Number of Voters,Dem Rep,Rep Rep,% DEM,% REP,District Number,Number of Voters,Dem Rep,Rep Rep,% DEM,% REP,District Number,Number of Voters,Dem Rep,Rep Rep,% DEM,% REP,District Number,Number of Voters,Dem Rep,Rep Rep,% DEM,% REP,District Number,Number of Voters,Dem Rep,Rep Rep,% DEM,% REP,District Number,Number of Voters,Dem Rep,Rep Rep,% DEM,% REP,District Number,Number of Voters,Dem Rep,Rep Rep,% DEM,% REP
Alabama,Doug Jones,Tommy Tuberville,2331,9,7,1,330,James Averhart,Jerry Carl,0.355,0.643,2,304,Phyllis Harvey-Hall,Barry Moore,0.346,0.652,3,323,Adia Winfrey,Mike Rogers,0.324,0.674,4,318,Rick Neighbors,Robert Aderholt,0.176,0.822,5,264,NONE,Mo Brooks,0,0.958,6,283,NONE,Gary Palmer,0,0.971,7,232,Terri A. Sewell,NONE,0.971,0,,,,,,,,,,,,,,,,,,,,,,,,,,,,,,,,,,,,,,,,,,,,,,,,,,,,,,,,,,,,,,,,,,,,,,,,,,,,,,,,,,,,,,,,,,,,,,,,,,,,,,,,,,,,,,,,,,,,,,,,,,,,,,,,,,,,,,,,,,,,,,,,,,,,,,,,,,,,,,,,,,,,,,,,,,,,,,,,,,,,,,,,,,,,,,,,,,,,,,,,,,,,,,,,,,,,,,,,,,,,,,,,,,,,,,,,,,,,,,,,,,,,,,,,,,,,,,,,,,,,,,,,,,,,,,,,,,,,
Alaska,Al Gross,Dan Sullivan,362,3,1,1,354,Alyse S. Galvin,Din Young,0.452,0.544,,,,,,,,,,,,,,,,,,,,,,,,,,,,,,,,,,,,,,,,,,,,,,,,,,,,,,,,,,,,,,,,,,,,,,,,,,,,,,,,,,,,,,,,,,,,,,,,,,,,,,,,,,,,,,,,,,,,,,,,,,,,,,,,,,,,,,,,,,,,,,,,,,,,,,,,,,,,,,,,,,,,,,,,,,,,,,,,,,,,,,,,,,,,,,,,,,,,,,,,,,,,,,,,,,,,,,,,,,,,,,,,,,,,,,,,,,,,,,,,,,,,,,,,,,,,,,,,,,,,,,,,,,,,,,,,,,,,,,,,,,,,,,,,,,,,,,,,,,,,,,,,,,,,,,,,
Arizona,Mark Kelley,Martha McSally,3430,11,9,1,366,Tom O'Halleran,Tiffany Shedd,0.516,0.483,2,382,Ann Kirkpatrick,Brandon Martin,0.551,0.448,3,270,Raul Grijalva,Daniel Wood,0.645,0.354,4,399,Delina DiSanto,Paul Gosar,0.302,0.697,5,446,Joan Greene,Andy Biggs,0.411,0.588,6,418,Hiral Tipirneni,David Schweikert,0.478,0.521,7,216,Ruben Gallego,Joshua Barnett,0.776,0.232,8,423,Michael Muscato,Debbie Lesko,0.404,0.595,9,353,Greg Stanton,Dave Giles,0.616,0.383,,,,,,,,,,,,,,,,,,,,,,,,,,,,,,,,,,,,,,,,,,,,,,,,,,,,,,,,,,,,,,,,,,,,,,,,,,,,,,,,,,,,,,,,,,,,,,,,,,,,,,,,,,,,,,,,,,,,,,,,,,,,,,,,,,,,,,,,,,,,,,,,,,,,,,,,,,,,,,,,,,,,,,,,,,,,,,,,,,,,,,,,,,,,,,,,,,,,,,,,,,,,,,,,,,,,,,,,,,,,,,,,,,,,,,,,,,,,,,,,,,,,,,,,,,,,,,,,,,,,,,,,
Arkansas,Ricky Dale Harrington Jr.,Tom Crawford,1227,6,4,1,238,NONE,Rick Crawford,0,1,2,333,Joyce Elliot,French Hill,0.446,0.553,3,334,Celeste Williams,Steve Womack,0.318,0.643,4,275,William H. Hanson,Bruce Westerman,0.275,0.696,,,,,,,,,,,,,,,,,,,,,,,,,,,,,,,,,,,,,,,,,,,,,,,,,,,,,,,,,,,,,,,,,,,,,,,,,,,,,,,,,,,,,,,,,,,,,,,,,,,,,,,,,,,,,,,,,,,,,,,,,,,,,,,,,,,,,,,,,,,,,,,,,,,,,,,,,,,,,,,,,,,,,,,,,,,,,,,,,,,,,,,,,,,,,,,,,,,,,,,,,,,,,,,,,,,,,,,,,,,,,,,,,,,,,,,,,,,,,,,,,,,,,,,,,,,,,,,,,,,,,,,,,,,,,,,,,,,,,,,,,,,,,,,,,,,,,,
California,NONE,NONE,17840,55,53,1,359,Audrey Denney,Doug LaMalfa,0.43,0.57,2,389,Jared Huffman,Dale Mensing,0.757,0.243,3,322,John Garamendi,Tamika Hamilton,0.547,0.453,4,443,Brynne Kenedy,Tom McClintock,0.441,0.559,5,330,Mike Thompson,Scott Giblin,0.761,0.239,6,314,Doris Matsui,Chris Bish,0.733,0.267,7,385,Ami Bera,Buzz Patterson,0.566,0.434,8,283,Christine Bubser,Jay Obernolte,0.439,0.561,9,303,Jerry McNerney,Tom Ambador,0.576,0.424,10,303,Josh Harder,Ted Howze,0.552,0.448,11,372,Mark DeSaulnier,Nisha Sharma,0.73,0.27,12,363,Nancy Pelosi,Shahid Buttar,0.776,0.224,13,363,Barbara Lee,Nikka Piterman,0.904,0.096,14,351,Jackie Speier,Ran Petel,0.793,0.207,15,343,Eric Swalwell,Alison Hayden,0.709,0.291,16,217,Jim Costa,Kevin Cookingham,0.594,0.406,17,298,Ro Khanna,Ritesh Tandon,0.713,0.287,18,345,Ana Eshoo,Rishi Kumar,0.632,0.368,19,313,Zoe Lofgren,Justin Aguilera,0.717,0.283,20,309,Jimmy Panetta,Jeff Gorman,0.768,0.232,21,170,TJ Cox,David Valadao,0.496,0.504,22,316,Phil Arballo,Devin Nunes,0.542,0.458,23,306,Kim Mangone,Kevin McCarthy,0.379,0.621,24,363,Salud Carbajal,Andy Cadwell,0.587,0.413,25,363,Chisty Smith,Mike Garcia,0.5,0.5,26,345,Julia Brownley,Ronda Baldwin-Kennedy,0.606,0.394,27,318,Judy Chu,Johnny Nalbandian,0.698,0.302,28,337,Adam Schiff,Eric Early,0.727,0.273,29,211,Tony Cardenas,Angelica Duenas,0.566,0.434,30,346,Brad Sherman,Mark Reed,0.695,0.305,31,286,Pete Aguilar,Agnes Gibboney,0.613,0.387,32,260,Grace Napolitano,Joshua Scott,0.666,0.334,33,381,Ted Lieu,James Bradley,0.676,0.324,34,205,Jimmy Gomez,NONE,1,0,35,245,Norma Torres,Mike Cargile,0.693,0.307,36,307,Raaul Ruiz,Erin Cruz,0.603,0.397,37,297,Karen Bass,Erol Webber,0.859,0.141,38,256,Linda Sanchez,Michael Tolar,0.743,0.257,39,344,Gil Cinseros,Young Kim,0.494,0.506,40,186,Lucille Roybal-Allard,C Antonio Delegado,0.727,0.273,41,262,Mark Takano,Aja Smith,0.64,0.36,42,368,William O'Mara,Ken Calvert,0.429,0.571,43,278,Maxine Waters,Joe Collins,0.717,0.283,44,206,Nanette Barragan,Analilia Joya,0.678,0.322,45,416,Katie Porter,Greg Raths,0.535,0.465,46,230,Lou Correa,James Waters,0.688,0.312,47,312,Alan Lowenthal,John Briscoe,0.633,0.367,48,396,Harley Rouda,Michelle Steel,0.489,0.511,49,387,Mike Levin,Brian Maryott,0.531,0.469,50,363,Darrell Isa,Ammar Campa-Majjar,0.46,0.54,51,243,Juan Vargas,Juan Hialgo,0.683,0.317,52,397,Scott Peters,Jim DaBello,0.616,0.384,53,335,Sara Jacobs,Georgette Gomez,0.595,0.405
Colorado,John W. Hickenlooper,Cory Gardner,3305,9,7,1,451,Diana DeGette,Shane Bolling,0.736,0.235,2,517,Joe Neguse,Charline Winn,0.614,0.354,3,430,Diane E. Mitsch Bush,Lauren Boebert,0.452,0.513,4,476,Ike McCorkle,Ken Buck,0.366,0.601,5,433,Jillian Freelan,Doug Lamborn,0.373,0.575,6,439,Jason Crow,Steve House,0.571,0.399,7,424,Ed Perlmutter,Charles Stockham,0.591,0.376,,,,,,,,,,,,,,,,,,,,,,,,,,,,,,,,,,,,,,,,,,,,,,,,,,,,,,,,,,,,,,,,,,,,,,,,,,,,,,,,,,,,,,,,,,,,,,,,,,,,,,,,,,,,,,,,,,,,,,,,,,,,,,,,,,,,,,,,,,,,,,,,,,,,,,,,,,,,,,,,,,,,,,,,,,,,,,,,,,,,,,,,,,,,,,,,,,,,,,,,,,,,,,,,,,,,,,,,,,,,,,,,,,,,,,,,,,,,,,,,,,,,,,,,,,,,,,,,,,,,,,,,,,,,,,,,,,,,
Connecticut,NONE,NONE,1866,7,5,1,350,John B. Larson,Mary Fay,0.609,0.349,2,368,Joe Courtney,Justin Anderson,0.564,0.382,3,347,Rosa L. DeLauro,Margaret Streicker,0.561,0.38,4,361,Jim Himes,Jonathan Riddle,0.621,0.362,5,350,Jahana Hayes,David X. Sullivan,0.525,0.434,,,,,,,,,,,,,,,,,,,,,,,,,,,,,,,,,,,,,,,,,,,,,,,,,,,,,,,,,,,,,,,,,,,,,,,,,,,,,,,,,,,,,,,,,,,,,,,,,,,,,,,,,,,,,,,,,,,,,,,,,,,,,,,,,,,,,,,,,,,,,,,,,,,,,,,,,,,,,,,,,,,,,,,,,,,,,,,,,,,,,,,,,,,,,,,,,,,,,,,,,,,,,,,,,,,,,,,,,,,,,,,,,,,,,,,,,,,,,,,,,,,,,,,,,,,,,,,,,,,,,,,,,,,,,,,,,,,,,,,,,,,,,,,,
Delaware,Christopher A. Coons,Lauren Witzke,510,3,1,1,160,Lisa Blunt Rochester,Lee Murphy,0.576,0.402,,,,,,,,,,,,,,,,,,,,,,,,,,,,,,,,,,,,,,,,,,,,,,,,,,,,,,,,,,,,,,,,,,,,,,,,,,,,,,,,,,,,,,,,,,,,,,,,,,,,,,,,,,,,,,,,,,,,,,,,,,,,,,,,,,,,,,,,,,,,,,,,,,,,,,,,,,,,,,,,,,,,,,,,,,,,,,,,,,,,,,,,,,,,,,,,,,,,,,,,,,,,,,,,,,,,,,,,,,,,,,,,,,,,,,,,,,,,,,,,,,,,,,,,,,,,,,,,,,,,,,,,,,,,,,,,,,,,,,,,,,,,,,,,,,,,,,,,,,,,,,,,,,,,,,,,
Florida,NONE,NONE,11176,29,27,1,439,Phil Her,Matt Gaetz,0.34,0.646,2,312,NONE,Neal Dunn,0,0.979,3,391,Adam Christensen,Kat Cammack,0.429,0.571,4,506,Donna Deegan,John H. Rutherford,0.389,0.611,5,337,Al Lawson,Gary Adler,0.651,0.349,6,438,Clint Curtis,Michael Waltz,0.394,0.606,7,407,Stephanie Murphy,Leo Valentin,0.553,0.432,8,461,Jim Kennedy,Bill Posey,0.386,0.614,9,430,Darren Soto,William Olson,0.56,0.44,10,377,Val Demings,Vennia Francois,0.636,0.364,11,476,Dana Cottrell,Daniel Webster,0.33,0.667,12,554,Kimberly Walker,Gus Bilirakis,0.371,0.629,13,407,Charlie Crist,Anna Luna,0.53,0.47,14,391,Alan Cohn,Scott Franklin,0.446,0.554,15,373,Kathy Castor,Christine Quinn,0.603,0.397,16,486,Margaret Good,Vern Buchanan,0.445,0.555,17,413,Allen Ellison,Greg Steube,0.341,0.646,18,451,Pam Keith,Brian Mast,0.415,0.563,19,445,Cindy Banyai,Bryon Donalds,0.387,0.613,20,323,Alcee Hastings,Greg Musselwhite,0.787,0.213,21,404,Lois Frankel,Laura Loomer,0.59,0.391,22,403,Ted Deutch,James Pruden,0.586,0.414,23,381,Debbie Wasserman Schultz,Carla Spalding,0.582,0.418,24,290,Frederica Wilson,Lavern Spicer,0.756,0.204,25,288,NONE,Mario-Balart,0,1,26,343,Debbie Mucarsel-Powel,Carlos Gimenez,0.483,0.517,27,343,Donna Shalala,Maria Elvira Salazar,0.486,0.514,,,,,,,,,,,,,,,,,,,,,,,,,,,,,,,,,,,,,,,,,,,,,,,,,,,,,,,,,,,,,,,,,,,,,,,,,,,,,,,,,,,,,,,,,,,,,,,,,,,,,,,,,,,,,,,,,,,,,,,,,,,,,,,,,,,,,,,,,,,,,,,,,,,,,,,,,,,,
Georgia,Jon Ossoff ,David Perdue,5014,16,14,1,325,Joyce Griggs,Buddy Carter,0.417,0.5813,2,273,Sanford Bishop,Ron Cole,0.591,0.409,3,372,Val Almonord,Drew Ferguson,0.35,0.65,4,349,Hank Johnson,Johsie Ezammudeen,0.801,0.199,5,355,Nikema Williams,Angela Stanton-King,0.851,0.149,6,398,Lucy McBath,Karen Handel,0.546,0.454,7,372,Carolyn Bourdeaux,Rich McCormick,0.514,0.486,8,308,Lindsay Holliday,Austin Scott,0.355,0.645,9,373,Devin Pandy,Andrew Clyde,0.214,0.786,10,379,Tabitha Johnson-Green,Jody Hice,0.377,0.623,11,407,Dana Barrett,Barry Loudermilk,0.396,0.604,12,310,Liz Johnson,Rick Allen,0.416,0.584,13,361,David Scott,Becky Hites,0.774,0.226,14,308,Kevin Van Ausdal,Marjorie Greene,0.253,0.747,,,,,,,,,,,,,,,,,,,,,,,,,,,,,,,,,,,,,,,,,,,,,,,,,,,,,,,,,,,,,,,,,,,,,,,,,,,,,,,,,,,,,,,,,,,,,,,,,,,,,,,,,,,,,,,,,,,,,,,,,,,,,,,,,,,,,,,,,,,,,,,,,,,,,,,,,,,,,,,,,,,,,,,,,,,,,,,,,,,,,,,,,,,,,,,,,,,,,,,,,,,,,,,,,,,,,,,,,,,,,,,,,,,,,,,,,,
Hawaii,NONE,NONE,599,4,2,1,255,Ed Case ,Ron Curtis,0.647,0.251,2,272,Kai Kahele,Joe Akana,0.579,0.284,,,,,,,,,,,,,,,,,,,,,,,,,,,,,,,,,,,,,,,,,,,,,,,,,,,,,,,,,,,,,,,,,,,,,,,,,,,,,,,,,,,,,,,,,,,,,,,,,,,,,,,,,,,,,,,,,,,,,,,,,,,,,,,,,,,,,,,,,,,,,,,,,,,,,,,,,,,,,,,,,,,,,,,,,,,,,,,,,,,,,,,,,,,,,,,,,,,,,,,,,,,,,,,,,,,,,,,,,,,,,,,,,,,,,,,,,,,,,,,,,,,,,,,,,,,,,,,,,,,,,,,,,,,,,,,,,,,,,,,,,,,,,,,,,,,,,,,,,,,,,,,,,,
Idaho,Paulette Jordan,Jim Risch,877,4,2,1,459,Rudy Soto,Russ Fulcher,0.287,0.678,2,392,C. Aaron Swisher,Mike Simpson,0.317,0.641,,,,,,,,,,,,,,,,,,,,,,,,,,,,,,,,,,,,,,,,,,,,,,,,,,,,,,,,,,,,,,,,,,,,,,,,,,,,,,,,,,,,,,,,,,,,,,,,,,,,,,,,,,,,,,,,,,,,,,,,,,,,,,,,,,,,,,,,,,,,,,,,,,,,,,,,,,,,,,,,,,,,,,,,,,,,,,,,,,,,,,,,,,,,,,,,,,,,,,,,,,,,,,,,,,,,,,,,,,,,,,,,,,,,,,,,,,,,,,,,,,,,,,,,,,,,,,,,,,,,,,,,,,,,,,,,,,,,,,,,,,,,,,,,,,,,,,,,,,,,,,,,,,
Illinois,Richard Durbin,Mark Curran,6067,20,18,1,325,Bobby Rush,Philanise White,0.738,0.262,2,298,Robin Kelly,Theresa Raborn,0.788,0.212,3,307,Marie Newman,Mike Fricilone,0.564,0.436,4,223,Chuy Garcia,Jesus Solorio,0.841,0.159,5,362,Mike Quigley,Tommy Hanson,0.708,0.266,6,405,Sean Casten ,Jeanne Ives,0.528,0.454,7,311,Danny Davis,Craig Cameron,0.804,0.133,8,255,Raja Krishnamoorthi,Preston Nelson,0.732,0.268,9,370,Janice Schakowsky,Sargis Sangari,0.71,0.29,10,317,Brad Schneider,Valerie Ramirez Mukherjee,0.639,0.361,11,308,Bill Foster,Rick Laib,0.633,0.367,12,323,Raymond Lenzi,Mike Bost,0.396,0.604,13,333,Betsy Dirksen Londrigan,Rodney Davis,0.455,0.545,14,402,Lauren Underwood,Jim Oberweis,0.507,0.493,15,334,Erika Weaver,Mary Miller,0.266,0.734,16,339,Dani Brzozowski,Adam Kinzinger,0.647,0.353,17,300,Cheri Bustos,Esther Joy King,0.52,0.48,18,372,Darin LaHood,George Petrilli,0.296,0.704,,,,,,,,,,,,,,,,,,,,,,,,,,,,,,,,,,,,,,,,,,,,,,,,,,,,,,,,,,,,,,,,,,,,,,,,,,,,,,,,,,,,,,,,,,,,,,,,,,,,,,,,,,,,,,,,,,,,,,,,,,,,,,,,,,,,,,,,,,,,,,,,,,,,,,,,,,,,,,,,,,,,,,,,,,,,,,,,,,,,,,,,,,,,,,,,,,,,,,,,,,,,,,,,,,
Indiana,NONE,NONE,3077,11,9,1,327,Frank J. Mrvan,Mark Leyva,0.566,0.404,2,299,Patricia Hackett,Jackie Walorski,0.385,0.615,3,326,Chip Coldiron,Jim Banks,0.322,0.678,4,339,Joe Mackey,Jim Baird,0.334,0.666,5,417,Christina Hale,Victoria Spartz,0.459,0.5,6,329,Jeannine Lee Lake,Greg Pence,0.278,0.687,7,283,Andre Carson,Susan Marie Smith,0.624,0.376,8,321,E. Thomasina Marsili,Larry D. Bucshon,0.298,0.669,9,360,Andy Ruff,Trey Hollingsworth,0.341,0.618,,,,,,,,,,,,,,,,,,,,,,,,,,,,,,,,,,,,,,,,,,,,,,,,,,,,,,,,,,,,,,,,,,,,,,,,,,,,,,,,,,,,,,,,,,,,,,,,,,,,,,,,,,,,,,,,,,,,,,,,,,,,,,,,,,,,,,,,,,,,,,,,,,,,,,,,,,,,,,,,,,,,,,,,,,,,,,,,,,,,,,,,,,,,,,,,,,,,,,,,,,,,,,,,,,,,,,,,,,,,,,,,,,,,,,,,,,,,,,,,,,,,,,,,,,,,,,,,,,,,,,,,
Iowa,Theresa Greenfield,Joni Ernst,1704,6,4,1,415,Abby Finkenauer,Ashley Hinson  ,0.486,0.512,2,395,Rita R. Hart,Mariannette Miller-Meeks,0.4991,0.4991,3,449,Cindy Axne ,David Young,0.489,0.475,4,384,J.D. Scholten,Randy Feenstra,0.377,0.619,,,,,,,,, ,,,,,,,,,,,,,,,,,,,,,,,,,,,,,,,,,,,,,,,,,,,,,,,,,,,,,,,,,,,,,,,,,,,,,,,,,,,,,,,,,,,,,,,,,,,,,,,,,,,,,,,,,,,,,,,,,,,,,,,,,,,,,,,,,,,,,,,,,,,,,,,,,,,,,,,,,,,,,,,,,,,,,,,,,,,,,,,,,,,,,,,,,,,,,,,,,,,,,,,,,,,,,,,,,,,,,,,,,,,,,,,,,,,,,,,,,,,,,,,,,,,,,,,,,,,,,,,,,,,,,,,,,,,,,,,,,,,,,,,,,,,,,
Kansas,Barbara Bollier,Roger Marshall,1379,6,4,1,293,Kali Barnett,Tracey Mann,0.288,0.711,2,337,Michelle De La Isla,Jake LaTurner,0.406,0.551,3,411,Sharice L. Davids,Amanda L. Adkins,0.536,0.435,4,320,Laura Lombard,Ron Estes,0.363,0.636,,,,,,,,,,,,,,,,,,,,,,,,,,,,,,,,,,,,,,,,,,,,,,,,,,,,,,,,,,,,,,,,,,,,,,,,,,,,,,,,,,,,,,,,,,,,,,,,,,,,,,,,,,,,,,,,,,,,,,,,,,,,,,,,,,,,,,,,,,,,,,,,,,,,,,,,,,,,,,,,,,,,,,,,,,,,,,,,,,,,,,,,,,,,,,,,,,,,,,,,,,,,,,,,,,,,,,,,,,,,,,,,,,,,,,,,,,,,,,,,,,,,,,,,,,,,,,,,,,,,,,,,,,,,,,,,,,,,,,,,,,,,,,,,,,,,,,
Kentucky,Amy McGrath,Mitch McConnell,2157,8,6,1,329,James Rhodes,James R. Comer,0.75,0.25,2,361,Hank Linderman,S. Brett Guthrie,0.262,0.709,3,369,John A. Yarmuth,Rhonda Palazzo,0.627,0.373,4,383,Alexandra Owensby,Thomas Massie,0.671,0.329,5,298,Matthew Ryan Best,Harold Rogers,0.842,0.158,6,379,Josh Hicks ,Andy Barr,0.573,0.409,,,,,,,,,,,,,,,,,,,,,,,,,,,,,,,,,,,,,,,,,,,,,,,,,,,,,,,,,,,,,,,,,,,,,,,,,,,,,,,,,,,,,,,,,,,,,,,,,,,,,,,,,,,,,,,,,,,,,,,,,,,,,,,,,,,,,,,,,,,,,,,,,,,,,,,,,,,,,,,,,,,,,,,,,,,,,,,,,,,,,,,,,,,,,,,,,,,,,,,,,,,,,,,,,,,,,,,,,,,,,,,,,,,,,,,,,,,,,,,,,,,,,,,,,,,,,,,,,,,,,,,,,,,,,,,,,,,,,,,,,,
Louisiana,Derrick Edwards,Bill Cassidy,2186,8,6,1,375,Lee Ann Dugas,Steve Scalise,0.25,0.72,2,317,Cedric L. Richmond,David M. Schilling,0.64,0.15,3,341,Braylon Harris,Clay Higgins,0.18,0.68,4,307,Kenny Houston,Mike Johnson,0.6,0.25,5,310,Sandra Christophe,Luke J. Letlow,0.16,0.33,6,375,Dartanyon Williams,Garret Graves,0.71,0.26,,,,,,,,,,,,,,,,,,,,,,,,,,,,,,,,,,,,,,,,,,,,,,,,,,,,,,,,,,,,,,,,,,,,,,,,,,,,,,,,,,,,,,,,,,,,,,,,,,,,,,,,,,,,,,,,,,,,,,,,,,,,,,,,,,,,,,,,,,,,,,,,,,,,,,,,,,,,,,,,,,,,,,,,,,,,,,,,,,,,,,,,,,,,,,,,,,,,,,,,,,,,,,,,,,,,,,,,,,,,,,,,,,,,,,,,,,,,,,,,,,,,,,,,,,,,,,,,,,,,,,,,,,,,,,,,,,,,,,,,,,
Maine,Sara I. Gideons,Susan Collins,830,4,2,1,449,Chellie Pingree,Jay Allen,0.368,0.604,2,381,Jared Golden,Dale John Crafts,0.46,0.52,,,,,,,,,,,,,,,,,,,,,,,,,,,,,,,,,,,,,,,,,,,,,,,,,,,,,,,,,,,,,,,,,,,,,,,,,,,,,,,,,,,,,,,,,,,,,,,,,,,,,,,,,,,,,,,,,,,,,,,,,,,,,,,,,,,,,,,,,,,,,,,,,,,,,,,,,,,,,,,,,,,,,,,,,,,,,,,,,,,,,,,,,,,,,,,,,,,,,,,,,,,,,,,,,,,,,,,,,,,,,,,,,,,,,,,,,,,,,,,,,,,,,,,,,,,,,,,,,,,,,,,,,,,,,,,,,,,,,,,,,,,,,,,,,,,,,,,,,,,,,,,,,,
Maryland,NONE,NONE,2983,10,8,1,396,Mia Mason,Andy Harris,0.364,0.634,2,353,C.A. Dutch Ruppersberger,Johnny Ray Salling,0.677,0.32,3,374,John Sarbanes,Charles Anthony,0.698,0.3,4,354,Anthony G. Brown,George E. McDermott,0.796,0.202,5,399,Steny H. Hoyer,Chris Palombi,0.688,0.31,6,367,David J. Trone,Neil C. Parrott,0.588,0.392,7,331,Kweisi Mfume,Himberly Klacik,0.716,0.28,8,111,Jamie Raskin,Gregory Thomas Coll,0.682,0.316,,,,,,,,,,,,,,,,,,,,,,,,,,,,,,,,,,,,,,,,,,,,,,,,,,,,,,,,,,,,,,,,,,,,,,,,,,,,,,,,,,,,,,,,,,,,,,,,,,,,,,,,,,,,,,,,,,,,,,,,,,,,,,,,,,,,,,,,,,,,,,,,,,,,,,,,,,,,,,,,,,,,,,,,,,,,,,,,,,,,,,,,,,,,,,,,,,,,,,,,,,,,,,,,,,,,,,,,,,,,,,,,,,,,,,,,,,,,,,,,,,,,,,,,,,,,,,,,,,,,,,,,,,,,,,
Massachusetts,Edward Markey,Kevin O'Connor,3668,11,9,1,373,Richard Neal,Alex Morse,0.965,0.004,2,395,James McGovern,Tracy Lyn Lovvorn,0.653,0.346,3,389,Lori Loureiro Trahan,NONE,0.977,0,4,435,Jake Auchincloss,Julie A. Hall,0.608,0.389,5,414,Katherine Clark,Caroline Colarusso,0.743,0.256,6,453,Seth Moulton,John Paul Moran,0.654,0.344,7,327,Alyanna Pressley,Roy Owens,0.866,0.125,8,434,Stephen Lynch,Jonathan Lott,0.807,0.187,9,443,Bill Keating,Helen Brady,0.613,0.363,,,,,,,,,,,,,,,,,,,,,,,,,,,,,,,,,,,,,,,,,,,,,,,,,,,,,,,,,,,,,,,,,,,,,,,,,,,,,,,,,,,,,,,,,,,,,,,,,,,,,,,,,,,,,,,,,,,,,,,,,,,,,,,,,,,,,,,,,,,,,,,,,,,,,,,,,,,,,,,,,,,,,,,,,,,,,,,,,,,,,,,,,,,,,,,,,,,,,,,,,,,,,,,,,,,,,,,,,,,,,,,,,,,,,,,,,,,,,,,,,,,,,,,,,,,,,,,,,,,,,,,,
Michigan,Gary Peters,John James,5595,16,14,1,417,Dana Ferguson,Jack Bergman,0.386,0.616,2,404,Bryan Berghoef,Bill Huizenga,0.382,0.592,3,404,Hillary Scholten ,Peter Meijer,0.47,0.529,4,374,Jerry Hilliard,John Moolenaar,0.323,0.65,5,362,Daniel Kildee,Time Kelly,0.544,0.417,6,380,Jon Hoadley,Fred Upton,0.401,0.558,7,388,Gretchn Driskell,Time Walberg,0.412,0.587,8,400,Andy Levin,Charles Langwortht,0.577,0.384,9,410,Kiberly Bizon,Lisa McClain,0.337,0.663,10,429,Elissa Slotkin,Paul Junge,0.508,0.472,11,451,Haley Stevens,Eric Esshaki,0.502,0.478,12,384,Debbie Dingell,Jeff Jones,0.664,0.306,13,287,Rashida Tlaib,David Dudenhoefer,0.78,0.186,14,343,Brenda Lawrence,Robert Vance Patrick,0.792,0.183,,,,,,,,,,,,,,,,,,,,,,,,,,,,,,,,,,,,,,,,,,,,,,,,,,,,,,,,,,,,,,,,,,,,,,,,,,,,,,,,,,,,,,,,,,,,,,,,,,,,,,,,,,,,,,,,,,,,,,,,,,,,,,,,,,,,,,,,,,,,,,,,,,,,,,,,,,,,,,,,,,,,,,,,,,,,,,,,,,,,,,,,,,,,,,,,,,,,,,,,,,,,,,,,,,,,,,,,,,,,,,,,,,,,,,,,,,
Minnesota,Tina Smith,Jason Lewis,3299,10,8,1,369,Dan Feehan,Jim Hagedorn,0.455,0.485,2,425,Angie Craig,Tyler Kistner,0.481,0.459,3,444,Dean Phillips,Kendall Qualls,0.556,0.443,4,390,Betty McCollum,Gene Rechtzigel,0.631,0.289,5,399,IIhan Omar,Lacy Johnson,0.642,0.258,6,413,Tawnja Zahradka,Tom Emmer,0.341,0.657,7,364,Collin Peterson,Michelle Fischbach,0.398,0.533,8,394,Quinn Nystrom,Pete Stauber,0.375,0.567,,,,,,,,,,,,,,,,,,,,,,,,,,,,,,,,,,,,,,,,,,,,,,,,,,,,,,,,,,,,,,,,,,,,,,,,,,,,,,,,,,,,,,,,,,,,,,,,,,,,,,,,,,,,,,,,,,,,,,,,,,,,,,,,,,,,,,,,,,,,,,,,,,,,,,,,,,,,,,,,,,,,,,,,,,,,,,,,,,,,,,,,,,,,,,,,,,,,,,,,,,,,,,,,,,,,,,,,,,,,,,,,,,,,,,,,,,,,,,,,,,,,,,,,,,,,,,,,,,,,,,,,,,,,,,
Mississippi,Mike Espy,Cindy Hyde-Smith,1328,6,4,1,333,Antonia Eliason,Trent Kelly,0.321,0.687,2,298,Bennie G. Thompson,Brian Flowers,0.339,0.66,3,342,Dorothy Dot Benford,Michael Guest,0.353,0.647,4,256,NONE,Steven Palazzo,0,1,,,,,,,,,,,,,,,,,,,,,,,,,,,,,,,,,,,,,,,,,,,,,,,,,,,,,,,,,,,,,,,,,,,,,,,,,,,,,,,,,,,,,,,,,,,,,,,,,,,,,,,,,,,,,,,,,,,,,,,,,,,,,,,,,,,,,,,,,,,,,,,,,,,,,,,,,,,,,,,,,,,,,,,,,,,,,,,,,,,,,,,,,,,,,,,,,,,,,,,,,,,,,,,,,,,,,,,,,,,,,,,,,,,,,,,,,,,,,,,,,,,,,,,,,,,,,,,,,,,,,,,,,,,,,,,,,,,,,,,,,,,,,,,,,,,,,,
Missouri,NONE,NONE,3058,10,8,1,312,Cori Bush,Anthony Rogers,0.787,0.189,2,445,Jill Schupp,Ann Wagner,0.454,0.519,3,408,Megan Rezabek ,Blaine Luetkemeyer,0.284,0.693,4,363,Lindsey Simmons,Vicky Hartzler,0.296,0.675,5,350,Emanuel Cleaver II,Ryan Derks,0.585,0.387,6,386,Gena L. Ross,Sam Graves,0.307,0.671,7,367,Teresa Montseny,Billy Long,0.263,0.687,8,330,Kathy Ellis,Jason Smith,0.213,0.768,,,,,,,,,,,,,,,,,,,,,,,,,,,,,,,,,,,,,,,,,,,,,,,,,,,,,,,,,,,,,,,,,,,,,,,,,,,,,,,,,,,,,,,,,,,,,,,,,,,,,,,,,,,,,,,,,,,,,,,,,,,,,,,,,,,,,,,,,,,,,,,,,,,,,,,,,,,,,,,,,,,,,,,,,,,,,,,,,,,,,,,,,,,,,,,,,,,,,,,,,,,,,,,,,,,,,,,,,,,,,,,,,,,,,,,,,,,,,,,,,,,,,,,,,,,,,,,,,,,,,,,,,,,,,,
Montana,Steve Bullock,Steve Daines,613,3,1,1,603,Kathleen Williams,Matt Rosendale,0.44,0.56,,,,,,,,,,,,,,,,,,,,,,,,,,,,,,,,,,,,,,,,,,,,,,,,,,,,,,,,,,,,,,,,,,,,,,,,,,,,,,,,,,,,,,,,,,,,,,,,,,,,,,,,,,,,,,,,,,,,,,,,,,,,,,,,,,,,,,,,,,,,,,,,,,,,,,,,,,,,,,,,,,,,,,,,,,,,,,,,,,,,,,,,,,,,,,,,,,,,,,,,,,,,,,,,,,,,,,,,,,,,,,,,,,,,,,,,,,,,,,,,,,,,,,,,,,,,,,,,,,,,,,,,,,,,,,,,,,,,,,,,,,,,,,,,,,,,,,,,,,,,,,,,,,,,,,,,
Nebraska,Chris Janicek,Ben Sasse,969,5,3,1,318,Kate Bolz,Jeff Fortenberry,0.376,0.595,2,337,Kara Eastman,Donald Bacon,0.462,0.507,3,287,Mark Elworth Jr.,Adrian Smith,0.176,0.785,,,,,,,,,,,,,,,,,,,,,,,,,,,,,,,,,,,,,,,,,,,,,,,,,,,,,,,,,,,,,,,,,,,,,,,,,,,,,,,,,,,,,,,,,,,,,,,,,,,,,,,,,,,,,,,,,,,,,,,,,,,,,,,,,,,,,,,,,,,,,,,,,,,,,,,,,,,,,,,,,,,,,,,,,,,,,,,,,,,,,,,,,,,,,,,,,,,,,,,,,,,,,,,,,,,,,,,,,,,,,,,,,,,,,,,,,,,,,,,,,,,,,,,,,,,,,,,,,,,,,,,,,,,,,,,,,,,,,,,,,,,,,,,,,,,,,,,,,,,,
Nevada,NONE,NONE,1411,6,4,1,223,Dina Titus,Joyce Bentley,0.618,0.334,2,383,Patricia Ackerman,Mark E. Amodei,0.407,0.565,3,418,Suzzanne Lee,Dan Rodimer,0.488,0.458,4,387,Steven A. Horsford,Jim Marchant,0.507,0.458,,,,,,,,,,,,,,,,,,,,,,,,,,,,,,,,,,,,,,,,,,,,,,,,,,,,,,,,,,,,,,,,,,,,,,,,,,,,,,,,,,,,,,,,,,,,,,,,,,,,,,,,,,,,,,,,,,,,,,,,,,,,,,,,,,,,,,,,,,,,,,,,,,,,,,,,,,,,,,,,,,,,,,,,,,,,,,,,,,,,,,,,,,,,,,,,,,,,,,,,,,,,,,,,,,,,,,,,,,,,,,,,,,,,,,,,,,,,,,,,,,,,,,,,,,,,,,,,,,,,,,,,,,,,,,,,,,,,,,,,,,,,,,,,,,,,,,
New Hampshire,Jeanne Shaheen,Corky Messner,816,4,2,1,401,Chris Pappas,Matt Mowers,0.513,0.462,2,387,Ann McLane Kuster,Steven Negron,0.538,0.437,,,,,,,,,,,,,,,,,,,,,,,,,,,,,,,,,,,,,,,,,,,,,,,,,,,,,,,,,,,,,,,,,,,,,,,,,,,,,,,,,,,,,,,,,,,,,,,,,,,,,,,,,,,,,,,,,,,,,,,,,,,,,,,,,,,,,,,,,,,,,,,,,,,,,,,,,,,,,,,,,,,,,,,,,,,,,,,,,,,,,,,,,,,,,,,,,,,,,,,,,,,,,,,,,,,,,,,,,,,,,,,,,,,,,,,,,,,,,,,,,,,,,,,,,,,,,,,,,,,,,,,,,,,,,,,,,,,,,,,,,,,,,,,,,,,,,,,,,,,,,,,,,,
New Jersey ,Cory Booker,Rikin Mehta,4362,14,12,1,386,Donald Norcross,Claire Gustafson,0.625,0.375,2,377,Amy Kennedy,Jeff Van Drew,0.462,0.519,3,432,Andy Kim,David Richter,0.532,0.455,4,425,Stephanie Schmid,Christopher Smith,0.383,0.599,5,424,Josh Gottheimer,Frank Pallotta,0.532,0.456,6,327,Frank Pallone,Christian Onuoha,0.612,0.388,7,435,Tom Malinowski,Thomas Kean Jr,0.506,0.494,8,239,Albio Sires,Jason Mushnick,0.74,0.246,9,310,Bill Pascrell,Billy Prempeh,0.658,0.319,10,290,Donald Payne Jr.,Jennifer Zinone,0.833,0.139,11,442,Mikie Sherrill,Rosemary Becchi,0.533,0.467,12,352,Bommie Watson Coleman,Mark Razzoli,0.656,0.326,,,,,,,,,,,,,,,,,,,,,,,,,,,,,,,,,,,,,,,,,,,,,,,,,,,,,,,,,,,,,,,,,,,,,,,,,,,,,,,,,,,,,,,,,,,,,,,,,,,,,,,,,,,,,,,,,,,,,,,,,,,,,,,,,,,,,,,,,,,,,,,,,,,,,,,,,,,,,,,,,,,,,,,,,,,,,,,,,,,,,,,,,,,,,,,,,,,,,,,,,,,,,,,,,,,,,,,,,,,,,,,,,,,,,,,,,,,,,,,,,,,,,,
New Mexico,Ben Ray Lujan,Mark Ronchetti,930,5,3,1,322,Deb Haaland,Michelle Garcia Holmes,0.852,0.418,2,265,Xochitl Torres Small,Yvette Herrel,0.463,0.537,3,318,Teresa Leger Fernandez,Alexis Johnson,0.587,0.413,,,,,,,,,,,,,,,,,,,,,,,,,,,,,,,,,,,,,,,,,,,,,,,,,,,,,,,,,,,,,,,,,,,,,,,,,,,,,,,,,,,,,,,,,,,,,,,,,,,,,,,,,,,,,,,,,,,,,,,,,,,,,,,,,,,,,,,,,,,,,,,,,,,,,,,,,,,,,,,,,,,,,,,,,,,,,,,,,,,,,,,,,,,,,,,,,,,,,,,,,,,,,,,,,,,,,,,,,,,,,,,,,,,,,,,,,,,,,,,,,,,,,,,,,,,,,,,,,,,,,,,,,,,,,,,,,,,,,,,,,,,,,,,,,,,,,,,,,,,,
New York,NONE,NONE,8955,29,27,1,376,Nancy Goroff,Lee Zeldin,0.451,0.549,2,336,Jackie Gordon,Andrew Garbarino,0.46,0.529,3,373,Thomas Suozzi,George Santos,0.56,0.435,4,356,Kathleen Rice,Douglas Tuman,0.561,0.43,5,229,Gregory Meeks,NONE,1,0,6,234,Grace Meng,Thomas Zmich,0.68,0.32,7,225,Nydia Velazquez,Brian Kelly,0.849,0.144,8,277,Hakeem Jeffries,Garfield Wallace,0.848,0.152,9,277,Yvette Clarke,Constantine Jean-Pierre,0.832,0.159,10,277,Jerrold Nadler,Cathy Bernstein,0.746,0.242,11,293,Max Rose,Nicole Malliotakis,0.469,0.531,12,323,Carolyn Maloney,Carlos Santiago-Cano,0.823,0.165,13,255,Adriano Espaillat,Lovelynn Gwinn,0.909,0.078,14,213,Alexandria Ocasio-Cortez,John Cummings,0.716,0.274,15,191,Ritchie Torres,Patrick Delices,0.889,0.111,16,260,Jamaal Bowman,NONE,0.842,0,17,333,Mondaire Jones,Maureen McArdle Schulman,0.593,0.353,18,336,Sean Patrick Maloney,Chele Farley,0.558,0.433,19,351,Antonio Delgado,Kyle Van De Water,0.548,0.432,20,360,Paul Tonko,Elizabeth Joy,0.612,0.388,21,321,Tedra Cobb,Elise Stefanik,0.412,0.588,22,317,Anthony Brindisi,Claudia Tenney,0.489,0.49,23,314,Tracy Mitrano,Tom Reed,0.411,0.577,24,344,Dana Balter,John Katko,0.43,0.532,25,348,Joseph Morelle,George Mitris,0.593,0.391,26,320,Brian Higgins,Ricky Donovan,0.699,0.287,27,384,Nathan McMurray,Chris Jacobs,0.39,0.597,,,,,,,,,,,,,,,,,,,,,,,,,,,,,,,,,,,,,,,,,,,,,,,,,,,,,,,,,,,,,,,,,,,,,,,,,,,,,,,,,,,,,,,,,,,,,,,,,,,,,,,,,,,,,,,,,,,,,,,,,,,,,,,,,,,,,,,,,,,,,,,,,,,,,,,,,,,,
North Carolina,Cal Cunningham,Thom Tillis,5561,15,13,1,349,G.K. Butterfield,Sandy Smith,0.542,0.458,2,496,Deborah Ross,Alan Swain,0.63,0.348,3,363,Daryl Farrow,Greg Murphy,0.366,0.634,4,495,David Price,Robert Thomas,0.673,0.327,5,386,David Brown,Virginia Foxx,0.311,0.669,6,408,Kathy Manning ,Lee Haywood,0.623,0.377,7,452,Christopher Ward,David Rouzer,0.397,0.603,8,381,Patricia Timmons-Goodson,Richard Hudson,0.467,0.533,9,405,Cynthia Wallace ,Dan Bishop,0.444,0.556,10,413,David Parker,Patrick McHenry,0.311,0.689,11,451,Moe Davis,Madison Cawthorn,0.423,0.545,12,342,Alma Adams,NONE,1,0,13,392,Scott Huffman,Ted Budd,0.318,0.682,,,,,,,,,,,,,,,,,,,,,,,,,,,,,,,,,,,,,,,,,,,,,,,,,,,,,,,,,,,,,,,,,,,,,,,,,,,,,,,,,,,,,,,,,,,,,,,,,,,,,,,,,,,,,,,,,,,,,,,,,,,,,,,,,,,,,,,,,,,,,,,,,,,,,,,,,,,,,,,,,,,,,,,,,,,,,,,,,,,,,,,,,,,,,,,,,,,,,,,,,,,,,,,,,,,,,,,,,,,,,,,,,,,,,,,,,,,,,,,,
North Dakota,NONE,NONE,365,3,1,1,356,Zach Raknerud,Kelly Armstrong,0.276,0.69,,,,,,,,,,,,,,,,,,,,,,,,,,,,,,,,,,,,,,,,,,,,,,,,,,,,,,,,,,,,,,,,,,,,,,,,,,,,,,,,,,,,,,,,,,,,,,,,,,,,,,,,,,,,,,,,,,,,,,,,,,,,,,,,,,,,,,,,,,,,,,,,,,,,,,,,,,,,,,,,,,,,,,,,,,,,,,,,,,,,,,,,,,,,,,,,,,,,,,,,,,,,,,,,,,,,,,,,,,,,,,,,,,,,,,,,,,,,,,,,,,,,,,,,,,,,,,,,,,,,,,,,,,,,,,,,,,,,,,,,,,,,,,,,,,,,,,,,,,,,,,,,,,,,,,,,
Ohio,NONE,NONE,5991,18,16,1,386,Kate Schroder,Steve Chabot,0.446,0.518,2,378,Jaime Castle,Brad Wenstrup,0.389,0.611,3,321,Joyce Beatty,Mark Richardson,0.708,0.292,4,348,Shannon Freshour,Jim Jordan,0.293,0.679,5,379,Nick Rubando,Bob Latta ,0.32,0.68,6,335,Shawna Roberts,Bill Johnson,0.256,0.744,7,351,Quentin Potter,Bob Gibbs,0.292,0.675,8,358,Vanessa Enoch,Warren Davidson,0.31,0.69,9,302,Marcy Kaptur,Rob Weber,0.631,0.369,10,365,Desiree Tims,Mike Turner,0.416,0.584,11,303,Marcia Fudge,Laverne Gore,0.801,0.199,12,438,Alaina Shearer,Troy Balderson,0.418,0.552,13,331,Tim Ryan,Christina Hagan ,0.525,0.449,14,398,Hillary O'Conner Mueri,David Joyce,0.399,0.601,15,384,Joel Newby,Steve Stivers,0.366,0.634,16,392,Aaron Godfrey,Anthony Gonzalez,0.368,0.632,,,,,,,,,,,,,,,,,,,,,,,,,,,,,,,,,,,,,,,,,,,,,,,,,,,,,,,,,,,,,,,,,,,,,,,,,,,,,,,,,,,,,,,,,,,,,,,,,,,,,,,,,,,,,,,,,,,,,,,,,,,,,,,,,,,,,,,,,,,,,,,,,,,,,,,,,,,,,,,,,,,,,,,,,,,,,,,,,,,,,,,,,,,,,,,,,,,,,,,,,,,,,,,,,,,,,,,,,,,,,,
Oklahoma,Abby Broyles,Jim Inhofe,1569,7,5,1,336,Kojo Asamoa-Caesar,Kevin Hern,0.327,0.637,2,289,Danyell Lanier,Markwayne Mullin,0.22,0.75,3,310,Zoe Midyett,Frank Lucas,0.215,0.785,4,315,Mary Brannon,Tom Cole,0.288,0.678,5,304,Kendra Horn,Stephanie Bice,0.479,0.521,,,,,,,,,,,,,,,,,,,,,,,,,,,,,,,,,,,,,,,,,,,,,,,,,,,,,,,,,,,,,,,,,,,,,,,,,,,,,,,,,,,,,,,,,,,,,,,,,,,,,,,,,,,,,,,,,,,,,,,,,,,,,,,,,,,,,,,,,,,,,,,,,,,,,,,,,,,,,,,,,,,,,,,,,,,,,,,,,,,,,,,,,,,,,,,,,,,,,,,,,,,,,,,,,,,,,,,,,,,,,,,,,,,,,,,,,,,,,,,,,,,,,,,,,,,,,,,,,,,,,,,,,,,,,,,,,,,,,,,,,,,,,,,,
Oregon,Jeff Merkley,Jo Rae Perkins,2420,7,5,1,460,Suzanne Bonamici,Christopher Christensen,0.647,0.353,2,458,Alex Spenser,Cliff Bentz,0.37,0.599,3,471,Earl Blumenauer,Joanna Harbour,0.731,0.235,4,468,Peter DeFazio,Alek Skarlatos,0.516,0.463,5,453,Kurt Schrader,Amy Ryan Courser,0.52,0.452,,,,,,,,,,,,,,,,,,,,,,,,,,,,,,,,,,,,,,,,,,,,,,,,,,,,,,,,,,,,,,,,,,,,,,,,,,,,,,,,,,,,,,,,,,,,,,,,,,,,,,,,,,,,,,,,,,,,,,,,,,,,,,,,,,,,,,,,,,,,,,,,,,,,,,,,,,,,,,,,,,,,,,,,,,,,,,,,,,,,,,,,,,,,,,,,,,,,,,,,,,,,,,,,,,,,,,,,,,,,,,,,,,,,,,,,,,,,,,,,,,,,,,,,,,,,,,,,,,,,,,,,,,,,,,,,,,,,,,,,,,,,,,,,
Pennsylvania,NONE,NONE,6969,20,18,1,442,Christina Finello,Brian Fitzpatrick,0.434,0.566,2,273,Brendan Boyle,David Torres,0.725,0.275,3,376,Dwight Evans,Michael Harvey,0.91,0.09,4,445,Madeleine Dean,Kathy Barnette,0.595,0.405,5,396,Mary Gay Scanlon,Dasha Pruett,0.647,0.353,6,405,Chrissy Houlahan,John Emmons,0.561,0.439,7,378,Susan Wild,Lisa Scheller,0.519,0.481,8,345,Matt Cartwright,Jim Bognet,0.518,0.482,9,352,Gary Wegman ,Dan Meuser,0.337,0.663,10,392,Eugene DePasquale,Scott Perry,0.467,0.533,11,384,Sarah Hammond,Lloyd Smucker,0.369,0.631,12,340,Lee Griffin,Fred Keller,0.292,0.708,13,365,Todd Rowley,John Joyce,0.265,0.735,14,374,Guy Reschenthaler,Bill Marx,0.353,0.647,15,348,Robert Williams,Glenn Thompson,0.265,0.735,16,354,Kristy Gnibus,Mike Kelley,0.407,0.593,17,435,Conor Lamb,Sean Parnell,0.511,0.489,18,385,Mike Doyle,Luke Negron,0.692,0.308,,,,,,,,,,,,,,,,,,,,,,,,,,,,,,,,,,,,,,,,,,,,,,,,,,,,,,,,,,,,,,,,,,,,,,,,,,,,,,,,,,,,,,,,,,,,,,,,,,,,,,,,,,,,,,,,,,,,,,,,,,,,,,,,,,,,,,,,,,,,,,,,,,,,,,,,,,,,,,,,,,,,,,,,,,,,,,,,,,,,,,,,,,,,,,,,,,,,,,,,,,,,,,,,,,
Rhode Island,John Reed,Allen Waters,526,4,2,1,222,David Cicilline,Frederick Wysocki,0.713,0.159,2,264,James Langevin,Robert Lancia,0.584,0.416,,,,,,,,,,,,,,,,,,,,,,,,,,,,,,,,,,,,,,,,,,,,,,,,,,,,,,,,,,,,,,,,,,,,,,,,,,,,,,,,,,,,,,,,,,,,,,,,,,,,,,,,,,,,,,,,,,,,,,,,,,,,,,,,,,,,,,,,,,,,,,,,,,,,,,,,,,,,,,,,,,,,,,,,,,,,,,,,,,,,,,,,,,,,,,,,,,,,,,,,,,,,,,,,,,,,,,,,,,,,,,,,,,,,,,,,,,,,,,,,,,,,,,,,,,,,,,,,,,,,,,,,,,,,,,,,,,,,,,,,,,,,,,,,,,,,,,,,,,,,,,,,,,
South Carolina,Jaime Harrison,Lindsey Graham,2540,9,7,1,427,Joe Cunningham,Nancy Mace,0.494,0.506,2,365,Adair Boroughs,Joe Wilson,0.426,0.557,3,334,Hosea Cleveland,Jeff Duncan,0.287,0.713,4,361,Kim Nelson,William Timmons,0.369,0.617,5,367,Moe Brown,Ralph Norman,0.399,0.601,6,290,Jim Clyburn,John McCollum,0.308,0.682,7,364,Melissa Watson,Tom Rice,0.382,0.618,,,,,,,,,,,,,,,,,,,,,,,,,,,,,,,,,,,,,,,,,,,,,,,,,,,,,,,,,,,,,,,,,,,,,,,,,,,,,,,,,,,,,,,,,,,,,,,,,,,,,,,,,,,,,,,,,,,,,,,,,,,,,,,,,,,,,,,,,,,,,,,,,,,,,,,,,,,,,,,,,,,,,,,,,,,,,,,,,,,,,,,,,,,,,,,,,,,,,,,,,,,,,,,,,,,,,,,,,,,,,,,,,,,,,,,,,,,,,,,,,,,,,,,,,,,,,,,,,,,,,,,,,,,,,,,,,,,,
South Dakota,Dan Ahlers,Mike Rounds,428,3,1,1,398,Randy Luallin,Dusty Johnson,0.19,0.81,,,,,,,,,,,,,,,,,,,,,,,,,,,,,,,,,,,,,,,,,,,,,,,,,,,,,,,,,,,,,,,,,,,,,,,,,,,,,,,,,,,,,,,,,,,,,,,,,,,,,,,,,,,,,,,,,,,,,,,,,,,,,,,,,,,,,,,,,,,,,,,,,,,,,,,,,,,,,,,,,,,,,,,,,,,,,,,,,,,,,,,,,,,,,,,,,,,,,,,,,,,,,,,,,,,,,,,,,,,,,,,,,,,,,,,,,,,,,,,,,,,,,,,,,,,,,,,,,,,,,,,,,,,,,,,,,,,,,,,,,,,,,,,,,,,,,,,,,,,,,,,,,,,,,,,,
Tennessee,Marquita Bradshaw,Bill Hagerty,3073,11,9,1,306,Blair Walsingham,Diana Harshbarger,0.225,0.747,2,354,Renee Hoyos,Tim Burchett,0.311,0.676,3,321,Meg Gorman,Chuck Fleischmann,0.305,0.673,4,336,Christopher Hale,Scott DesJarlais,0.333,0.667,5,252,Jim Cooper,NONE,1,0,6,350,Christopher Finley,John Rose,0.24,0.737,7,351,Kiran Sreepada,Mark Green,0.273,0.699,8,332,Erika Pearson,David Kustoff,0.295,0.685,9,243,Steve Cohen,Charlotte Bergmann,0.774,0.201,,,,,,,,,,,,,,,,,,,,,,,,,,,,,,,,,,,,,,,,,,,,,,,,,,,,,,,,,,,,,,,,,,,,,,,,,,,,,,,,,,,,,,,,,,,,,,,,,,,,,,,,,,,,,,,,,,,,,,,,,,,,,,,,,,,,,,,,,,,,,,,,,,,,,,,,,,,,,,,,,,,,,,,,,,,,,,,,,,,,,,,,,,,,,,,,,,,,,,,,,,,,,,,,,,,,,,,,,,,,,,,,,,,,,,,,,,,,,,,,,,,,,,,,,,,,,,,,,,,,,,,,
Texas ,Mary Hegar,John Cornyn,11175,38,36,1,303,Hank Gilbert,Louie Gohmert,0.274,0.726,2,347,Sima Ladjevardian,Dan Crenshaw,0.428,0.556,3,419,Lulu Seikaly,Van Taylor,0.429,0.551,4,337,Russell Foster,Pat Fallon,0.227,0.754,5,281,Carolyn Salter,Lance Gooden,0.359,0.62,6,340,Stephen Daniel,Ron Wright,0.44,0.528,7,315,Lizzie Fletcher,Wesley Hunt,0.508,0.475,8,383,Elizabeth Hernandez,Kevin Brady,0.255,0.725,9,229,Al Green,Johnny Teague,0.755,0.216,10,415,Mike Seigel,Michael McCaul,0.453,0.525,11,292,Jon Hogg,August Pfluger,0.183,0.797,12,368,Lisa Welch,Kay Granger,0.33,0.637,13,274,Gus Trujillo,Ronny Jackson,0.185,0.794,14,309,Adrienne Bell,Randy Weber,0.384,0.616,15,229,Vicente Gonzalez,Monica De La Cruz-Hernandez,0.505,0.476,16,238,Veronica Escobar,Irene Armendariz-Jackson,0.647,0.353,17,307,Rick Kennedy,Pete Sessions,0.409,0.559,18,247,Sheila Jackson Lee,Wendell Champion,0.733,0.235,19,265,Tom Watson,Jodey Arrington,0.229,0.748,20,271,Joaquin Castro,Mauro Garza,0.331,0.647,21,455,Wendy Davis,Chip Roy,0.454,0.52,22,409,Sri Kulkarni,Troy Nehls,0.446,0.515,23,296,Gina Ortiz Jones,Tony Gonzales,0.466,0.506,24,345,Candace Valenzuela,Beth van Duyne,0.475,0.488,25,394,Julie Oliver,Roger Williams,0.421,0.559,26,433,Carol Iannuzzi,Michael Burgess,0.373,0.606,27,274,Ricardo De La Fuente,Michael Cloud,0.349,0.631,28,236,Henry Cuellar,Sandra Whitten,0.39,0.583,29,156,Sylvia Garcia,Jaimy Blanco,0.711,0.274,30,265,Eddie Johnson,Tre Pennie,0.775,0.184,31,399,Donna Imam,John Carter,0.443,0.535,32,344,Colin Allred,Genevieve Collins,0.519,0.459,33,158,Marc Veasey,Fabian Vasquez,0.668,0.252,34,199,Filemon Vela,Rey Gonzalez,0.554,0.418,35,270,Lloyd Doggett,Jenny Sharon,0.654,0.299,36,303,Rashad Lewis,Brian Babin,0.243,0.736,,,,,,,,,,,,,,,,,,,,,,,,,,,,,,,,,,,,,,,,,,,,,,,,,,,,,,,,,,,,,,,,,,,,,,,,,,,,,,,,,,,,,,,,,,,,,,,,,,,,,,
Utah,NONE,NONE,1520,6,4,1,343,Darren Parry,Blake Moore,0.304,0.696,2,355,Kael Weston,Chris Stewart,0.366,0.59,3,359,Devin Thorpe,John Curtis,0.268,0.688,4,377,Ben McAdams,Burgess Owens,0.467,0.477,,,,,,,,,,,,,,,,,,,,,,,,,,,,,,,,,,,,,,,,,,,,,,,,,,,,,,,,,,,,,,,,,,,,,,,,,,,,,,,,,,,,,,,,,,,,,,,,,,,,,,,,,,,,,,,,,,,,,,,,,,,,,,,,,,,,,,,,,,,,,,,,,,,,,,,,,,,,,,,,,,,,,,,,,,,,,,,,,,,,,,,,,,,,,,,,,,,,,,,,,,,,,,,,,,,,,,,,,,,,,,,,,,,,,,,,,,,,,,,,,,,,,,,,,,,,,,,,,,,,,,,,,,,,,,,,,,,,,,,,,,,,,,,,,,,,,,
Vermont,NONE,NONE,372,3,1,1,355,Peter Welch,Miriam Berry,0.674,0.27,,,,,,,,,,,,,,,,,,,,,,,,,,,,,,,,,,,,,,,,,,,,,,,,,,,,,,,,,,,,,,,,,,,,,,,,,,,,,,,,,,,,,,,,,,,,,,,,,,,,,,,,,,,,,,,,,,,,,,,,,,,,,,,,,,,,,,,,,,,,,,,,,,,,,,,,,,,,,,,,,,,,,,,,,,,,,,,,,,,,,,,,,,,,,,,,,,,,,,,,,,,,,,,,,,,,,,,,,,,,,,,,,,,,,,,,,,,,,,,,,,,,,,,,,,,,,,,,,,,,,,,,,,,,,,,,,,,,,,,,,,,,,,,,,,,,,,,,,,,,,,,,,,,,,,,,
Virginia,Mark Warner,Daniel Gade,4536,13,11,1,448,Qasim Rashid,Robert Wittman,0.418,0.582,2,360,Elaine Luria,Scott Taylor,0.459,0.516,3,341,Bobby Scott,John Collick,0.685,0.315,4,391,Donald McEachin,Leon Benjamin,0.617,0.383,5,402,Cameron Webb,Robert Good,0.474,0.526,6,382,Nicholas Betts,Ben Cline,0.353,0.647,7,454,Abigail Spanberger,Nick Freitas,0.509,0.491,8,397,Donald Beyer,Jeff Jordan,0.76,0.24,9,290,NONE,H. Morgan Griffith,0,0.94,10,476,Jennifer Wexton,Aliscia Andrews,0.566,0.434,11,393,Gerry Connolly,Manga Anantatmula,0.716,0.284,,,,,,,,,,,,,,,,,,,,,,,,,,,,,,,,,,,,,,,,,,,,,,,,,,,,,,,,,,,,,,,,,,,,,,,,,,,,,,,,,,,,,,,,,,,,,,,,,,,,,,,,,,,,,,,,,,,,,,,,,,,,,,,,,,,,,,,,,,,,,,,,,,,,,,,,,,,,,,,,,,,,,,,,,,,,,,,,,,,,,,,,,,,,,,,,,,,,,,,,,,,,,,,,,,,,,,,,,,,,,,,,,,,,,,,,,,,,,,,,,,,,,,,,,,,,
Washington,NONE,NONE,4128,12,10,1,472,Suzan DelBene,Jeffrey Beeler,0.586,0.414,2,404,Rick Larsen,Timothy Hazelo,0.632,0.368,3,418,Carolyn Long,Jaime Herrera Beutler,0.435,0.565,4,305,Douglass McKinley,Dan Newhouse,0.337,0.663,5,404,Dave Wilson,Cathy McMorris Rodgers,0.386,0.614,6,417,Derek Kilmer,Elizabeth Kreiselmaier,0.594,0.406,7,466,Pramila Jayapal,Craig Keller,0.832,0.168,8,412,Kim Schrier,Jesse Jensen,0.518,0.482,9,349,Adam Smith,Doug Basler,0.743,0.257,10,289,Marilyn Strickland,Beth Dglio,0.581,0.419,,,,,,,,,,,,,,,,,,,,,,,,,,,,,,,,,,,,,,,,,,,,,,,,,,,,,,,,,,,,,,,,,,,,,,,,,,,,,,,,,,,,,,,,,,,,,,,,,,,,,,,,,,,,,,,,,,,,,,,,,,,,,,,,,,,,,,,,,,,,,,,,,,,,,,,,,,,,,,,,,,,,,,,,,,,,,,,,,,,,,,,,,,,,,,,,,,,,,,,,,,,,,,,,,,,,,,,,,,,,,,,,,,,,,,,,,,,,,,,,,,,,,,,,,,,,,,,,,,
West Virginia,Paula Jean Swearengin ,Shelley Moore Capito,805,5,3,1,262,Natalie Cline ,David McKinley,0.31,0.69,2,273,Cathy Kunkel,Alex Mooney,0.369,0.631,3,227,Hilary Turner,Carol Miller,0.287,0.713,,,,,,,,,,,,,,,,,,,,,,,,,,,,,,,,,,,,,,,,,,,,,,,,,,,,,,,,,,,,,,,,,,,,,,,,,,,,,,,,,,,,,,,,,,,,,,,,,,,,,,,,,,,,,,,,,,,,,,,,,,,,,,,,,,,,,,,,,,,,,,,,,,,,,,,,,,,,,,,,,,,,,,,,,,,,,,,,,,,,,,,,,,,,,,,,,,,,,,,,,,,,,,,,,,,,,,,,,,,,,,,,,,,,,,,,,,,,,,,,,,,,,,,,,,,,,,,,,,,,,,,,,,,,,,,,,,,,,,,,,,,,,,,,,,,,,,,,,,,,
Wisconsin,NONE,NONE,3319,10,8,1,402,Roger Polack,Bryan Steil,0.406,0.594,2,458,Mark Pocan,Peter Theron,0.697,0.303,3,390,Ron Knd,Derrick Van Orden,0.513,0.487,4,312,Gwen Moore,Tim Rogers,0.747,0.227,5,442,Tom Palzewicz,Scott Fitzgerald,0.399,0.601,6,404,Jessica King,Glenn Grothman,0.407,0.593,7,415,Tricia Zunker,Tom Tiffany,0.392,0.608,8,418,Amanda Stuck,Mike Gallagher,0.358,0.642,,,,,,,,,,,,,,,,,,,,,,,,,,,,,,,,,,,,,,,,,,,,,,,,,,,,,,,,,,,,,,,,,,,,,,,,,,,,,,,,,,,,,,,,,,,,,,,,,,,,,,,,,,,,,,,,,,,,,,,,,,,,,,,,,,,,,,,,,,,,,,,,,,,,,,,,,,,,,,,,,,,,,,,,,,,,,,,,,,,,,,,,,,,,,,,,,,,,,,,,,,,,,,,,,,,,,,,,,,,,,,,,,,,,,,,,,,,,,,,,,,,,,,,,,,,,,,,,,,,,,,,,,,,,,,
Wyoming,Merav Ben-David,Cynthia Lummis,279,3,1,1,271,Lynnette Grey Bull,Liz Cheney,0.246,0.687,,,,,,,,,,,,,,,,,,,,,,,,,,,,,,,,,,,,,,,,,,,,,,,,,,,,,,,,,,,,,,,,,,,,,,,,,,,,,,,,,,,,,,,,,,,,,,,,,,,,,,,,,,,,,,,,,,,,,,,,,,,,,,,,,,,,,,,,,,,,,,,,,,,,,,,,,,,,,,,,,,,,,,,,,,,,,,,,,,,,,,,,,,,,,,,,,,,,,,,,,,,,,,,,,,,,,,,,,,,,,,,,,,,,,,,,,,,,,,,,,,,,,,,,,,,,,,,,,,,,,,,,,,,,,,,,,,,,,,,,,,,,,,,,,,,,,,,,,,,,,,,,,,,,,,,,
